{"stats":{"minecraft:killed_by":{"minecraft:zombie_villager":2,"minecraft:player":2,"minecraft:wither_skeleton":2,"minecraft:creeper":4,"minecraft:spider":1,"irons_spellbooks:necromancer":3,"minecraft:skeleton":4,"cataclysm:koboleton":1,"cataclysm:the_leviathan":4},"minecraft:broken":{"minecraft:stone_sword":1,"minecraft:iron_boots":1,"minecraft:iron_chestplate":1,"minecraft:chainmail_boots":1,"minecraft:iron_helmet":1},"minecraft:custom":{"minecraft:mob_kills":59,"minecraft:interact_with_crafting_table":10,"minecraft:open_barrel":40,"minecraft:damage_dealt_resisted":1979,"minecraft:leave_game":2,"minecraft:time_since_death":401,"minecraft:climb_one_cm":4294,"minecraft:sprint_one_cm":456543,"minecraft:walk_one_cm":292531,"minecraft:drop":110,"minecraft:play_time":143636,"minecraft:deaths":27,"minecraft:sneak_time":1942,"minecraft:walk_under_water_one_cm":104152,"minecraft:jump":2174,"minecraft:walk_on_water_one_cm":52878,"minecraft:total_world_time":143636,"minecraft:interact_with_furnace":14,"minecraft:tune_noteblock":4,"minecraft:sleep_in_bed":1,"minecraft:time_since_rest":479,"minecraft:damage_taken":12717,"minecraft:damage_dealt":19697,"minecraft:swim_one_cm":239274,"minecraft:fly_one_cm":425623,"minecraft:open_chest":26,"minecraft:crouch_one_cm":1767,"minecraft:fall_one_cm":70527},"minecraft:crafted":{"minecraft:oak_planks":20,"minecraft:stone_shovel":1,"minecraft:furnace":2,"minecraft:cooked_mutton":4,"minecraft:stone_pickaxe":1,"minecraft:cooked_beef":6,"minecraft:cooked_porkchop":12,"minecraft:crafting_table":1,"minecraft:baked_potato":5,"minecraft:wooden_pickaxe":1,"minecraft:bucket":1,"minecraft:stone_axe":1,"minecraft:bread":3,"minecraft:stick":8,"minecraft:iron_ingot":3,"minecraft:wooden_axe":1},"minecraft:killed":{"minecraft:cave_spider":7,"minecraft:spider":13,"minecraft:skeleton":10,"minecraft:parrot":1,"minecraft:creeper":1,"minecraft:polar_bear":1,"minecraft:pillager":4,"cataclysm:deepling_brute":1,"minecraft:zombie":4,"cataclysm:deepling":2,"minecraft:wither_skeleton":12},"minecraft:used":{"minecraft:stone_sword":133,"minecraft:purple_candle":2,"minecraft:flint_and_steel":2,"minecraft:stone_shovel":105,"minecraft:spruce_planks":3,"minecraft:rotten_flesh":28,"minecraft:iron_chestplate":1,"minecraft:dirt":70,"minecraft:carrot":2,"minecraft:wooden_axe":3,"minecraft:iron_helmet":1,"minecraft:golden_carrot":1,"minecraft:beef":1,"minecraft:furnace":4,"cataclysm:coral_spear":1,"minecraft:water_bucket":21,"minecraft:chorus_fruit":3,"minecraft:stone_pickaxe":86,"minecraft:baked_potato":16,"minecraft:wooden_pickaxe":5,"minecraft:sand":36,"minecraft:crafting_table":5,"minecraft:crossbow":21,"minecraft:white_bed":2,"minecraft:cod":2,"minecraft:melon_slice":1,"minecraft:bread":10,"minecraft:stone_axe":9,"minecraft:diamond_sword":302,"minecraft:cobblestone":6,"minecraft:potion":2,"minecraft:cooked_porkchop":10,"minecraft:bucket":22},"minecraft:picked_up":{"irons_spellbooks:scroll":7,"minecraft:crafting_table":5,"minecraft:iron_chestplate":3,"minecraft:coarse_dirt":1,"minecraft:wheat":7,"minecraft:allium":2,"minecraft:diamond_sword":3,"minecraft:music_disc_cat":1,"minecraft:string":20,"minecraft:dark_oak_trapdoor":4,"minecraft:flint_and_steel":1,"minecraft:cyan_carpet":3,"irons_spellbooks:arcane_essence":2,"minecraft:diamond_leggings":1,"minecraft:spruce_planks":3,"minecraft:beef":1,"minecraft:smooth_quartz":7,"minecraft:spruce_slab":1,"minecraft:melon_slice":1,"irons_spellbooks:inscription_table":1,"minecraft:furnace":3,"minecraft:iron_boots":1,"minecraft:stick":4,"minecraft:raw_iron":3,"minecraft:oak_fence":1,"minecraft:spruce_fence":2,"minecraft:porkchop":10,"irons_spellbooks:mana_ring":1,"minecraft:purple_candle":2,"minecraft:arrow":21,"minecraft:diamond_chestplate":1,"minecraft:rotten_flesh":11,"cataclysm:athame":2,"minecraft:gold_ingot":3,"minecraft:glow_berries":4,"minecraft:cod":2,"minecraft:white_wool":1,"minecraft:cobblestone":31,"minecraft:feather":3,"minecraft:andesite":6,"minecraft:leather":2,"irons_spellbooks:netherite_spell_book":1,"minecraft:acacia_wood":2,"minecraft:oak_log":5,"cataclysm:coral_spear":1,"minecraft:gunpowder":10,"minecraft:wither_skeleton_skull":2,"minecraft:lapis_lazuli":7,"minecraft:gray_concrete":2,"minecraft:dirt":70,"cataclysm:koboleton_bone":2,"minecraft:bone":23,"minecraft:bow":1,"minecraft:wheat_seeds":39,"minecraft:glass_bottle":1,"minecraft:oak_planks":3,"minecraft:ghast_tear":1,"minecraft:oak_slab":10,"minecraft:pumpkin":1,"minecraft:music_disc_13":1,"minecraft:sand":125,"minecraft:white_bed":3,"minecraft:spider_eye":2,"minecraft:dark_prismarine":4,"minecraft:polished_andesite":1,"minecraft:black_concrete":4,"minecraft:stripped_jungle_wood":3,"minecraft:iron_helmet":1,"minecraft:mossy_cobblestone_stairs":1,"minecraft:emerald":1,"minecraft:coal":22},"minecraft:dropped":{"minecraft:oak_slab":10,"minecraft:acacia_wood":2,"minecraft:wheat_seeds":24,"minecraft:glass_bottle":3,"minecraft:oak_fence":1,"minecraft:feather":3,"minecraft:glow_berries":4,"minecraft:leather":2,"minecraft:music_disc_13":2,"minecraft:dark_oak_trapdoor":4,"minecraft:wooden_axe":1,"minecraft:smooth_quartz":7,"minecraft:pumpkin":1,"minecraft:mossy_cobblestone_stairs":1,"minecraft:black_concrete":4,"minecraft:string":20,"minecraft:white_wool":1,"minecraft:music_disc_cat":1,"minecraft:cyan_carpet":3,"minecraft:gold_ingot":1,"minecraft:bone":7,"minecraft:coarse_dirt":1,"cataclysm:koboleton_bone":2,"minecraft:stripped_jungle_wood":3,"minecraft:wheat":1,"minecraft:stone_shovel":1,"minecraft:rotten_flesh":10,"minecraft:wither_skeleton_skull":2,"irons_spellbooks:inscription_table":1,"minecraft:spruce_fence":2,"minecraft:flint_and_steel":1,"minecraft:diamond_sword":1,"minecraft:gunpowder":8,"minecraft:allium":2,"minecraft:iron_chestplate":1,"minecraft:spider_eye":2,"minecraft:bow":1,"minecraft:wooden_pickaxe":1,"minecraft:ghast_tear":1,"minecraft:dark_prismarine":4},"minecraft:mined":{"minecraft:dark_prismarine":4,"minecraft:spruce_planks":3,"minecraft:white_bed":3,"minecraft:purple_candle":1,"minecraft:grass_block":3,"minecraft:spruce_fence":2,"minecraft:spawner":11,"minecraft:furnace":3,"minecraft:iron_ore":3,"minecraft:fire":12,"minecraft:pumpkin":1,"minecraft:packed_ice":6,"minecraft:stone":31,"minecraft:white_wool":1,"minecraft:spruce_slab":1,"minecraft:redstone_wall_torch":1,"minecraft:crafting_table":5,"minecraft:tall_grass":6,"minecraft:grass":8,"minecraft:oak_log":5,"minecraft:coal_ore":18,"minecraft:dirt":4,"minecraft:sand":110,"minecraft:smooth_quartz":12,"minecraft:stone_bricks":1,"minecraft:oak_leaves":3}},"DataVersion":3120}