{"stats":{"minecraft:crafted":{"minecraft:crafting_table":1,"minecraft:bucket":1,"minecraft:bread":11,"minecraft:shield":1,"minecraft:iron_axe":1,"minecraft:stick":4,"minecraft:iron_pickaxe":1,"minecraft:acacia_planks":12,"minecraft:wheat":27},"minecraft:custom":{"minecraft:mob_kills":20,"minecraft:interact_with_crafting_table":2,"minecraft:open_barrel":9,"minecraft:interact_with_campfire":16,"minecraft:leave_game":3,"minecraft:time_since_death":5549,"minecraft:sleep_in_bed":2,"minecraft:climb_one_cm":1057,"minecraft:time_since_rest":25,"minecraft:sprint_one_cm":59503,"minecraft:damage_taken":2281,"minecraft:walk_one_cm":36843,"minecraft:damage_blocked_by_shield":1605,"minecraft:damage_dealt":3962,"minecraft:fly_one_cm":157303,"minecraft:open_chest":1,"minecraft:crouch_one_cm":4349,"minecraft:play_time":22692,"minecraft:deaths":4,"minecraft:sneak_time":1500,"minecraft:jump":643,"minecraft:total_world_time":22692,"minecraft:fall_one_cm":26087},"minecraft:killed_by":{"minecraft:zombie_villager":1,"minecraft:skeleton":3},"minecraft:mined":{"minecraft:acacia_log":3,"minecraft:grass_block":1,"minecraft:cobblestone":1,"minecraft:tall_grass":2,"minecraft:hay_block":4,"minecraft:andesite":4,"minecraft:grass":11,"minecraft:dirt":1},"minecraft:used":{"minecraft:baked_potato":2,"minecraft:shield":42,"minecraft:iron_sword":9,"minecraft:cooked_salmon":1,"minecraft:iron_chestplate":1,"minecraft:dirt":21,"minecraft:crafting_table":1,"minecraft:carrot":5,"minecraft:iron_axe":39,"minecraft:bread":12,"minecraft:iron_pickaxe":5,"minecraft:spruce_trapdoor":1,"minecraft:stone_bricks":1,"minecraft:cobblestone":1,"minecraft:hay_block":1,"minecraft:bucket":1,"minecraft:egg":1,"minecraft:cooked_beef":4},"minecraft:killed":{"minecraft:pig":2,"minecraft:zombie_villager":6,"minecraft:vindicator":2,"minecraft:creeper":2,"minecraft:skeleton":1,"minecraft:pillager":5,"minecraft:zombie":1},"minecraft:picked_up":{"minecraft:coarse_dirt":2,"minecraft:iron_chestplate":1,"minecraft:wheat":1,"minecraft:cooked_beef":4,"minecraft:water_bucket":1,"minecraft:andesite":6,"minecraft:shield":1,"minecraft:gunpowder":4,"minecraft:dirt":21,"minecraft:iron_axe":1,"minecraft:cooked_salmon":2,"minecraft:bone":4,"minecraft:stone_bricks":1,"minecraft:wheat_seeds":6,"minecraft:iron_ingot":2,"minecraft:iron_pickaxe":1,"minecraft:spruce_trapdoor":1,"minecraft:egg":1,"minecraft:cooked_porkchop":6,"minecraft:acacia_log":3,"minecraft:porkchop":4,"minecraft:arrow":4,"minecraft:honey_bottle":6,"minecraft:rotten_flesh":4,"minecraft:hay_block":4,"minecraft:emerald":2,"minecraft:bread":4,"minecraft:baked_potato":3,"minecraft:coal":4,"minecraft:cobblestone":1}},"DataVersion":3120}