{"stats":{"minecraft:killed_by":{"minecraft:zombie_villager":2,"minecraft:wither_skeleton":11,"minecraft:creeper":3,"minecraft:chicken":1,"minecraft:vindicator":4,"minecraft:zombie":1,"cataclysm:kobolediator":1,"cataclysm:the_harbinger":1,"minecraft:spider":1,"cataclysm:deepling_warlock":1,"irons_spellbooks:necromancer":1,"minecraft:skeleton":10,"minecraft:phantom":13,"cataclysm:the_leviathan":7},"minecraft:custom":{"minecraft:interact_with_crafting_table":20,"minecraft:open_barrel":51,"minecraft:leave_game":6,"minecraft:time_since_death":82,"minecraft:damage_resisted":405,"minecraft:sprint_one_cm":720581,"minecraft:damage_blocked_by_shield":1705,"minecraft:drop":165,"minecraft:talked_to_villager":1,"minecraft:play_time":282706,"minecraft:deaths":66,"minecraft:jump":6994,"minecraft:walk_on_water_one_cm":103820,"minecraft:interact_with_furnace":10,"minecraft:sleep_in_bed":5,"minecraft:damage_dealt":68734,"minecraft:player_kills":11,"minecraft:crouch_one_cm":31519,"minecraft:mob_kills":533,"minecraft:interact_with_campfire":19,"minecraft:damage_dealt_resisted":10267,"minecraft:climb_one_cm":15693,"minecraft:walk_one_cm":539909,"minecraft:damage_dealt_absorbed":200,"minecraft:sneak_time":12869,"minecraft:walk_under_water_one_cm":122005,"minecraft:total_world_time":282706,"minecraft:time_since_rest":112,"minecraft:damage_taken":29837,"minecraft:damage_absorbed":1136,"minecraft:swim_one_cm":184057,"minecraft:fly_one_cm":1708527,"minecraft:open_chest":40,"minecraft:fall_one_cm":300832},"minecraft:broken":{"minecraft:golden_boots":1,"minecraft:shears":1,"irons_spellbooks:netherite_mage_helmet":1,"minecraft:iron_leggings":1,"minecraft:diamond_boots":1,"cataclysm:khopesh":1,"minecraft:diamond_chestplate":1,"minecraft:flint_and_steel":1,"minecraft:netherite_boots":1,"minecraft:netherite_sword":1},"minecraft:crafted":{"minecraft:oak_planks":72,"minecraft:diamond_helmet":1,"minecraft:cooked_porkchop":8,"minecraft:diamond_axe":1,"minecraft:crafting_table":9,"minecraft:wooden_pickaxe":1,"minecraft:baked_potato":7,"minecraft:gold_block":8,"minecraft:birch_planks":28,"minecraft:charcoal":7,"minecraft:diamond_pickaxe":1,"minecraft:shield":1,"minecraft:stick":12,"minecraft:iron_pickaxe":1,"minecraft:shears":3,"minecraft:furnace":1,"minecraft:iron_axe":1,"minecraft:stone_pickaxe":1,"minecraft:diamond_boots":2,"minecraft:dark_oak_planks":28,"minecraft:wheat":99,"minecraft:cooked_beef":10,"minecraft:diamond_sword":2,"minecraft:bucket":1,"minecraft:stone_axe":1,"minecraft:bread":44,"minecraft:air":0,"minecraft:white_bed":2,"minecraft:acacia_planks":56,"minecraft:torch":16},"minecraft:killed":{"minecraft:cave_spider":11,"minecraft:witch":2,"minecraft:spider":42,"minecraft:skeleton":103,"minecraft:chicken":4,"minecraft:silverfish":12,"irons_spellbooks:summoned_skeleton":2,"minecraft:magma_cube":9,"minecraft:parrot":11,"minecraft:pig":2,"minecraft:zombie_villager":11,"irons_spellbooks:necromancer":5,"minecraft:creeper":36,"minecraft:sheep":5,"minecraft:pillager":24,"cataclysm:deepling_brute":4,"minecraft:zombie":46,"cataclysm:deepling":16,"minecraft:glow_squid":2,"minecraft:cow":4,"irons_spellbooks:summoned_zombie":8,"minecraft:vindicator":10,"minecraft:phantom":5,"cataclysm:koboleton":15,"cataclysm:deepling_angler":5,"minecraft:husk":2,"minecraft:bat":1,"minecraft:hoglin":22,"cataclysm:deepling_priest":1,"minecraft:wither_skeleton":94},"minecraft:used":{"irons_spellbooks:inscription_table":4,"cataclysm:coral_golem_spawn_egg":1,"cataclysm:deepling_priest_spawn_egg":1,"minecraft:spruce_slab":1,"minecraft:poppy":1,"minecraft:ladder":5,"minecraft:shield":43,"minecraft:iron_sword":129,"minecraft:rotten_flesh":13,"minecraft:iron_chestplate":1,"minecraft:carrot":25,"minecraft:allium":1,"minecraft:stripped_spruce_log":2,"cataclysm:the_prowler_spawn_egg":1,"minecraft:polished_andesite_stairs":2,"cataclysm:modern_remnant_spawn_egg":1,"minecraft:stone_bricks":1,"minecraft:netherite_boots":1,"minecraft:bow":4,"minecraft:hay_block":3,"minecraft:furnace":2,"cataclysm:coral_spear":1,"minecraft:gold_block":8,"minecraft:egg":5,"cataclysm:the_leviathan_spawn_egg":1,"minecraft:golden_boots":1,"cataclysm:ignis_spawn_egg":1,"minecraft:diamond_boots":1,"minecraft:wither_skeleton_skull":2,"minecraft:stone_pickaxe":21,"minecraft:oak_planks":83,"minecraft:wooden_pickaxe":14,"minecraft:diamond_axe":39,"minecraft:oak_leaves":163,"minecraft:glow_berries":4,"minecraft:white_wool":4,"minecraft:golden_apple":20,"minecraft:dark_oak_trapdoor":1,"minecraft:shears":238,"cataclysm:ender_guardian_spawn_egg":1,"cataclysm:ignited_berserker_spawn_egg":1,"minecraft:melon_slice":42,"minecraft:cyan_bed":2,"minecraft:bread":58,"minecraft:cyan_carpet":2,"cataclysm:coralssus_spawn_egg":1,"minecraft:iron_door":1,"minecraft:diamond_sword":437,"minecraft:purple_wool":1,"minecraft:experience_bottle":9,"minecraft:oak_fence":7,"minecraft:netherite_sword":538,"minecraft:jungle_leaves":1,"cataclysm:endermaptera_spawn_egg":1,"minecraft:iron_bars":2,"minecraft:stone_sword":75,"minecraft:acacia_log":11,"minecraft:flint_and_steel":64,"minecraft:redstone":1,"cataclysm:ender_golem_spawn_egg":1,"minecraft:cooked_salmon":1,"minecraft:torch":17,"minecraft:dirt":104,"cataclysm:ancient_remnant_spawn_egg":1,"cataclysm:amethyst_crab_spawn_egg":1,"cataclysm:the_harbinger_spawn_egg":1,"cataclysm:deepling_angler_spawn_egg":1,"minecraft:spruce_fence":4,"minecraft:dark_oak_planks":15,"cataclysm:deepling_warlock_spawn_egg":1,"minecraft:iron_axe":48,"minecraft:smooth_quartz":5,"minecraft:golden_carrot":12,"cataclysm:nameless_sorcerer_spawn_egg":2,"cataclysm:deepling_brute_spawn_egg":1,"cataclysm:the_watcher_spawn_egg":1,"minecraft:cooked_beef":16,"minecraft:acacia_planks":31,"minecraft:observer":1,"minecraft:enchanted_golden_apple":3,"minecraft:birch_planks":22,"minecraft:baked_potato":13,"cataclysm:khopesh":3,"cataclysm:lionfish_spawn_egg":1,"minecraft:mossy_cobblestone":1,"cataclysm:stone_pillar":1,"minecraft:tnt":11,"minecraft:crafting_table":9,"minecraft:white_bed":3,"minecraft:oak_log":2,"minecraft:diamond_pickaxe":55,"minecraft:apple":1,"minecraft:iron_pickaxe":7,"minecraft:spruce_trapdoor":1,"cataclysm:netherite_monstrosity_spawn_egg":1,"minecraft:stone_axe":46,"minecraft:cobblestone":2,"minecraft:stripped_crimson_hyphae":1,"minecraft:porkchop":1,"minecraft:cooked_porkchop":8,"minecraft:bucket":1,"minecraft:yellow_bed":2,"minecraft:dandelion":3,"minecraft:splash_potion":3},"minecraft:picked_up":{"minecraft:iron_chestplate":4,"minecraft:wheat":1,"irons_spellbooks:mana_upgrade_orb":1,"minecraft:flower_pot":1,"minecraft:diamond_sword":3,"minecraft:music_disc_cat":2,"minecraft:string":33,"minecraft:dark_oak_trapdoor":1,"minecraft:cooked_salmon":2,"irons_spellbooks:arcane_essence":8,"minecraft:spruce_planks":3,"minecraft:smooth_quartz":5,"minecraft:iron_pickaxe":3,"cataclysm:khopesh":2,"minecraft:melon_slice":44,"irons_spellbooks:inscription_table":1,"minecraft:furnace":1,"minecraft:iron_boots":1,"minecraft:stick":20,"minecraft:oak_fence":7,"minecraft:torch":1,"minecraft:acacia_log":39,"minecraft:spruce_stairs":4,"minecraft:porkchop":59,"minecraft:golden_chestplate":1,"minecraft:goat_horn":2,"cataclysm:coral_chunk":1,"minecraft:honey_bottle":6,"minecraft:rotten_flesh":50,"cataclysm:stone_pillar":1,"minecraft:cod":1,"minecraft:iron_bars":2,"minecraft:cobblestone":48,"minecraft:birch_log":7,"minecraft:leather_chestplate":1,"minecraft:cooked_beef":6,"minecraft:feather":26,"minecraft:iron_door":1,"minecraft:water_bucket":1,"minecraft:andesite":12,"minecraft:golden_leggings":1,"minecraft:chiseled_quartz_block":2,"minecraft:wither_skeleton_skull":4,"cataclysm:coral_spear":1,"minecraft:gray_concrete":2,"minecraft:dirt":208,"cataclysm:koboleton_bone":12,"irons_spellbooks:hogskin":7,"minecraft:bone":136,"minecraft:acacia_planks":14,"minecraft:bow":3,"minecraft:wheat_seeds":38,"minecraft:mossy_stone_bricks":2,"minecraft:oak_planks":28,"minecraft:cooked_porkchop":6,"minecraft:stripped_spruce_log":8,"minecraft:cyan_bed":2,"cataclysm:stone_tiles":1,"minecraft:dark_oak_log":1,"minecraft:mossy_cobblestone":1,"minecraft:jungle_leaves":5,"minecraft:light_gray_concrete":16,"minecraft:polished_andesite":1,"minecraft:spruce_fence_gate":1,"cataclysm:tidal_claws":1,"minecraft:grass":2,"cataclysm:ancient_metal_nugget":5,"minecraft:emerald":8,"minecraft:bread":17,"minecraft:oak_sapling":5,"minecraft:oak_leaves":175,"minecraft:diamond_pickaxe":1,"minecraft:charcoal":6,"minecraft:coarse_dirt":2,"minecraft:allium":3,"minecraft:purple_wool":7,"minecraft:chicken":6,"minecraft:ladder":5,"minecraft:wooden_pickaxe":5,"minecraft:shield":3,"minecraft:iron_axe":2,"minecraft:blue_orchid":1,"minecraft:cyan_carpet":2,"minecraft:netherite_sword":2,"minecraft:beef":24,"minecraft:jungle_sapling":2,"minecraft:observer":1,"minecraft:poppy":2,"cataclysm:abyssal_sacrifice":1,"minecraft:spruce_slab":17,"minecraft:chest":1,"minecraft:spruce_trapdoor":2,"minecraft:phantom_membrane":1,"minecraft:egg":5,"minecraft:stripped_crimson_hyphae":1,"minecraft:oak_door":1,"minecraft:spruce_fence":6,"minecraft:redstone":1,"minecraft:dark_oak_planks":5,"minecraft:tnt":1,"minecraft:arrow":68,"minecraft:hay_block":14,"minecraft:glow_berries":3,"minecraft:white_wool":3,"minecraft:dark_oak_button":1,"minecraft:tripwire_hook":2,"minecraft:leather":18,"minecraft:fern":3,"minecraft:birch_planks":22,"minecraft:oak_log":20,"minecraft:golden_boots":1,"minecraft:yellow_bed":2,"minecraft:gunpowder":23,"minecraft:cobblestone_stairs":1,"minecraft:apple":1,"minecraft:stone_bricks":26,"minecraft:iron_ingot":38,"minecraft:glass_bottle":2,"minecraft:iron_sword":1,"minecraft:dark_oak_stairs":5,"minecraft:polished_andesite_stairs":2,"minecraft:book":5,"minecraft:oak_slab":19,"minecraft:dandelion":3,"minecraft:amethyst_shard":8,"minecraft:white_bed":1,"minecraft:spider_eye":13,"minecraft:slime_ball":4,"minecraft:stripped_jungle_wood":3,"minecraft:mossy_cobblestone_stairs":1,"minecraft:baked_potato":3,"minecraft:dark_oak_wood":4,"minecraft:black_wool":1,"minecraft:coal":21},"minecraft:dropped":{"minecraft:iron_sword":3,"minecraft:porkchop":46,"minecraft:glass_bottle":1,"minecraft:leather":3,"minecraft:dark_oak_button":1,"minecraft:cod":1,"minecraft:dirt":32,"minecraft:gray_concrete":2,"minecraft:grass":1,"irons_spellbooks:hogskin":4,"irons_spellbooks:arcane_essence":8,"minecraft:phantom_membrane":1,"minecraft:purple_wool":6,"minecraft:gold_ingot":2,"minecraft:bone":104,"minecraft:oak_door":1,"minecraft:stone_axe":1,"minecraft:goat_horn":4,"minecraft:golden_chestplate":1,"minecraft:stripped_jungle_wood":3,"minecraft:wheat":2,"minecraft:rotten_flesh":9,"minecraft:oak_planks":3,"minecraft:carrot":6,"minecraft:leather_chestplate":1,"minecraft:gunpowder":13,"minecraft:chainmail_boots":1,"irons_spellbooks:netherite_spell_book":3,"minecraft:spruce_slab":16,"minecraft:beef":2,"irons_spellbooks:netherite_mage_helmet":1,"minecraft:oak_leaves":12,"minecraft:golden_boots":2,"minecraft:oak_slab":17,"minecraft:wheat_seeds":19,"minecraft:diamond_leggings":1,"minecraft:feather":4,"minecraft:book":6,"minecraft:spruce_stairs":2,"minecraft:polished_andesite":1,"minecraft:stick":8,"irons_spellbooks:scroll":17,"minecraft:diamond_helmet":1,"minecraft:mossy_cobblestone_stairs":1,"minecraft:string":46,"minecraft:tripwire_hook":2,"minecraft:music_disc_cat":2,"cataclysm:koboleton_bone":12,"minecraft:chicken":6,"minecraft:wither_skeleton_skull":2,"minecraft:iron_boots":1,"minecraft:light_gray_concrete":8,"cataclysm:stone_tiles":1,"minecraft:spruce_fence":2,"minecraft:shears":2,"minecraft:diamond_sword":3,"minecraft:potato":7,"minecraft:allium":2,"minecraft:diamond_chestplate":1,"minecraft:spruce_planks":2,"minecraft:diamond_pickaxe":1,"minecraft:iron_chestplate":2,"minecraft:andesite":6,"minecraft:mossy_stone_bricks":2,"irons_spellbooks:mana_ring":2,"minecraft:golden_leggings":1,"minecraft:stone_bricks":4,"minecraft:spider_eye":8,"irons_spellbooks:mana_upgrade_orb":3,"minecraft:slime_ball":6,"minecraft:bow":1,"minecraft:stone_pickaxe":1,"minecraft:wooden_pickaxe":2,"minecraft:black_wool":1},"minecraft:mined":{"minecraft:dark_oak_planks":3,"minecraft:spruce_planks":2,"minecraft:white_bed":1,"minecraft:jungle_leaves":4,"cataclysm:stone_tiles":1,"cataclysm:stone_pillar":1,"minecraft:stripped_crimson_hyphae":1,"minecraft:acacia_log":28,"minecraft:grass_block":5,"minecraft:chiseled_stone_bricks":1,"minecraft:spawner":24,"minecraft:fire":60,"minecraft:iron_bars":2,"minecraft:tripwire":3,"minecraft:amethyst_cluster":2,"minecraft:dark_oak_wood":4,"minecraft:polished_andesite_stairs":3,"minecraft:melon":8,"minecraft:white_stained_glass_pane":3,"minecraft:cobblestone":1,"minecraft:cyan_bed":2,"minecraft:oak_planks":4,"minecraft:birch_log":7,"minecraft:tnt":1,"minecraft:grass":55,"minecraft:oak_log":17,"minecraft:dirt":10,"minecraft:smooth_quartz":7,"minecraft:oak_leaves":232,"minecraft:dark_oak_log":1,"minecraft:spruce_fence":4,"minecraft:stripped_jungle_wood":3,"minecraft:hay_block":12,"minecraft:furnace":1,"minecraft:andesite":10,"minecraft:packed_ice":2,"minecraft:stone":21,"minecraft:oak_slab":2,"minecraft:acacia_leaves":3,"minecraft:glass_pane":1,"minecraft:oak_fence":3,"minecraft:rose_bush":1,"minecraft:tall_grass":23,"minecraft:spruce_stairs":2,"minecraft:birch_planks":1,"minecraft:yellow_bed":2,"minecraft:cobweb":3,"minecraft:stripped_acacia_wood":1,"minecraft:polished_andesite":1,"minecraft:fern":6}},"DataVersion":3120}