{"stats":{"minecraft:crafted":{"minecraft:oak_planks":28,"minecraft:crafting_table":1,"minecraft:stick":4,"minecraft:wooden_axe":1},"minecraft:mined":{"minecraft:crafting_table":1,"minecraft:grass":11,"minecraft:oak_log":7,"minecraft:tall_grass":12,"minecraft:oak_leaves":8},"minecraft:killed_by":{"minecraft:skeleton":1,"minecraft:creeper":1},"minecraft:dropped":{"prefab:item_house":1},"minecraft:picked_up":{"minecraft:crafting_table":1,"prefab:item_house":1,"minecraft:oak_log":7,"undead_unleashed:grave_metal_scrap":25,"minecraft:spider_eye":1,"minecraft:string":11,"minecraft:dirt":79,"minecraft:arrow":14,"minecraft:rotten_flesh":17,"minecraft:bone":14,"minecraft:bow":1,"minecraft:wheat_seeds":3,"minecraft:beef":6,"minecraft:oak_sapling":2},"minecraft:killed":{"undead_unleashed:frenzied_knight":2,"minecraft:skeleton":24,"savage_and_ravage:skeleton_villager":1,"minecraft:zombie":14,"undead_unleashed:shadewraith":1,"undead_unleashed:graveriser":2,"alexsmobs:bison":4,"minecraft:spider":21,"alexsmobs:crow":1,"minecraft:creeper":4},"minecraft:used":{"minecraft:wooden_axe":9,"simplyswords:diamond_katana":59,"minecraft:shield":58,"minecraft:rotten_flesh":3,"minecraft:diamond_sword":102,"minecraft:dirt":9,"minecraft:bow":29,"minecraft:crafting_table":1,"minecraft:oak_sapling":2,"minecraft:cooked_beef":28},"minecraft:custom":{"minecraft:time_since_rest":1711,"minecraft:sprint_one_cm":80032,"minecraft:damage_taken":3343,"minecraft:walk_one_cm":55686,"minecraft:damage_blocked_by_shield":943,"minecraft:mob_kills":79,"minecraft:drop":1,"minecraft:damage_dealt":7788,"minecraft:damage_dealt_absorbed":5,"minecraft:interact_with_crafting_table":3,"minecraft:fly_one_cm":246325,"minecraft:open_chest":4,"minecraft:crouch_one_cm":378,"minecraft:play_time":25776,"minecraft:deaths":2,"minecraft:sneak_time":185,"minecraft:damage_dealt_resisted":1,"minecraft:jump":950,"minecraft:leave_game":1,"minecraft:time_since_death":1682,"minecraft:total_world_time":25776,"minecraft:fall_one_cm":33702}},"DataVersion":3120}