{"stats":{"minecraft:mined":{"minecraft:hay_block":1,"minecraft:pumpkin":1,"minecraft:grass":2},"minecraft:crafted":{"minecraft:bread":8,"minecraft:wheat":9},"minecraft:killed_by":{"lightsout:trumpet_skeleton":1,"minecraft:zombie_villager":2,"minecraft:skeleton":1},"minecraft:used":{"minecraft:dark_oak_stairs":1,"minecraft:iron_axe":1,"minecraft:bread":1,"minecraft:iron_chestplate":1,"minecraft:pumpkin":1},"minecraft:dropped":{"minecraft:bread":6,"minecraft:shield":1,"minecraft:iron_axe":1,"minecraft:iron_pickaxe":1},"minecraft:picked_up":{"minecraft:stick":4,"minecraft:iron_chestplate":1,"minecraft:coarse_dirt":1,"minecraft:wheat":16,"minecraft:cooked_porkchop":3,"minecraft:pumpkin":1,"minecraft:water_bucket":1,"minecraft:andesite":3,"minecraft:potato":16,"minecraft:spruce_fence":2,"minecraft:carrot":9,"minecraft:shield":1,"minecraft:gunpowder":2,"minecraft:string":20,"minecraft:iron_axe":1,"minecraft:cooked_salmon":1,"minecraft:arrow":2,"minecraft:bone":11,"minecraft:honey_bottle":6,"minecraft:wheat_seeds":3,"minecraft:hay_block":1,"minecraft:iron_ingot":2,"minecraft:emerald":1,"minecraft:bread":4,"minecraft:iron_pickaxe":1,"minecraft:baked_potato":1,"minecraft:coal":4,"minecraft:cobblestone":2,"minecraft:dark_oak_stairs":2},"minecraft:custom":{"minecraft:time_since_rest":2359,"minecraft:sprint_one_cm":7594,"minecraft:damage_taken":1085,"minecraft:walk_one_cm":12749,"minecraft:drop":4,"minecraft:damage_dealt":119,"minecraft:interact_with_crafting_table":1,"minecraft:fly_one_cm":16970,"minecraft:open_chest":1,"minecraft:crouch_one_cm":26,"minecraft:play_time":7911,"minecraft:deaths":4,"minecraft:sneak_time":28,"minecraft:jump":64,"minecraft:leave_game":1,"minecraft:time_since_death":0,"minecraft:climb_one_cm":622,"minecraft:total_world_time":7911,"minecraft:fall_one_cm":5757}},"DataVersion":3120}