{"stats":{"minecraft:killed_by":{"minecraft:husk":1,"minecraft:zombie_villager":2,"minecraft:player":10,"minecraft:wither_skeleton":15,"minecraft:creeper":2,"minecraft:spider":1,"cataclysm:deepling_warlock":3,"minecraft:vindicator":6,"irons_spellbooks:necromancer":2,"minecraft:hoglin":1,"cataclysm:deepling_brute":2,"minecraft:skeleton":5,"minecraft:phantom":9,"minecraft:witch":1,"minecraft:zombie":1,"cataclysm:the_leviathan":6},"minecraft:broken":{"minecraft:diamond_chestplate":1,"minecraft:shears":1,"minecraft:iron_leggings":1,"minecraft:iron_sword":2,"minecraft:iron_helmet":1},"minecraft:custom":{"minecraft:interact_with_anvil":5,"minecraft:mob_kills":119,"minecraft:inspect_hopper":1,"minecraft:interact_with_crafting_table":12,"minecraft:open_barrel":36,"minecraft:damage_dealt_resisted":1988,"minecraft:leave_game":4,"minecraft:time_since_death":63,"minecraft:climb_one_cm":20011,"minecraft:sprint_one_cm":912290,"minecraft:walk_one_cm":580593,"minecraft:drop":148,"minecraft:damage_dealt_absorbed":40,"minecraft:talked_to_villager":1,"minecraft:play_time":242024,"minecraft:deaths":69,"minecraft:sneak_time":5554,"minecraft:walk_under_water_one_cm":115167,"minecraft:interact_with_brewingstand":1,"minecraft:jump":5857,"minecraft:walk_on_water_one_cm":86185,"minecraft:total_world_time":242024,"minecraft:interact_with_furnace":2,"minecraft:sleep_in_bed":7,"minecraft:time_since_rest":163,"minecraft:damage_taken":25983,"minecraft:damage_dealt":26534,"minecraft:player_kills":1,"minecraft:swim_one_cm":355205,"minecraft:fly_one_cm":1558810,"minecraft:open_chest":44,"minecraft:crouch_one_cm":13690,"minecraft:fall_one_cm":184581,"minecraft:interact_with_smoker":4},"minecraft:crafted":{"minecraft:oak_planks":28,"minecraft:cooked_mutton":11,"minecraft:iron_axe":1,"minecraft:dark_oak_planks":32,"minecraft:wheat":324,"minecraft:diamond_sword":1,"minecraft:cooked_porkchop":16,"minecraft:crafting_table":5,"minecraft:wooden_pickaxe":1,"minecraft:bread":115,"minecraft:jungle_planks":8,"minecraft:stick":20,"minecraft:iron_pickaxe":1,"minecraft:iron_block":3,"minecraft:anvil":1,"minecraft:acacia_planks":12,"minecraft:shears":1},"minecraft:killed":{"minecraft:cave_spider":1,"minecraft:spider":5,"minecraft:vindicator":5,"irons_spellbooks:summoned_polar_bear":2,"minecraft:phantom":2,"cataclysm:the_leviathan":1,"minecraft:skeleton":10,"minecraft:chicken":2,"minecraft:silverfish":1,"minecraft:drowned":2,"cataclysm:deepling_angler":1,"minecraft:parrot":2,"minecraft:husk":2,"minecraft:hoglin":18,"minecraft:creeper":1,"minecraft:polar_bear":1,"minecraft:sheep":3,"minecraft:pillager":5,"minecraft:zombie":21,"cataclysm:coralssus":1,"minecraft:wither_skeleton":23,"minecraft:cow":8},"minecraft:used":{"minecraft:rose_bush":1,"minecraft:stone_sword":6,"minecraft:tropical_fish":1,"minecraft:spruce_planks":8,"minecraft:iron_sword":511,"minecraft:torch":21,"minecraft:dirt":3,"minecraft:anvil":2,"minecraft:carrot":36,"minecraft:allium":1,"minecraft:dark_oak_planks":31,"minecraft:iron_axe":2,"minecraft:iron_helmet":1,"minecraft:stone_brick_stairs":1,"minecraft:stone_bricks":2,"minecraft:golden_carrot":8,"minecraft:beef":2,"minecraft:egg":4,"minecraft:potato":12,"minecraft:stone_pickaxe":23,"minecraft:oak_planks":18,"minecraft:deepslate_bricks":4,"minecraft:oak_leaves":7,"minecraft:white_wool":17,"minecraft:stripped_dark_oak_log":1,"minecraft:crafting_table":5,"minecraft:white_bed":2,"minecraft:shears":238,"minecraft:oak_log":1,"minecraft:apple":5,"minecraft:dark_oak_log":9,"minecraft:melon_slice":1,"minecraft:bread":99,"minecraft:cyan_bed":3,"minecraft:iron_pickaxe":17,"minecraft:golden_leggings":1,"minecraft:diamond_sword":96,"minecraft:potion":1,"minecraft:pumpkin_pie":20,"minecraft:yellow_bed":1,"minecraft:splash_potion":1,"minecraft:experience_bottle":26},"minecraft:picked_up":{"irons_spellbooks:scroll":7,"minecraft:chicken":9,"minecraft:allium":2,"minecraft:wheat":27,"minecraft:purple_wool":1,"minecraft:chainmail_boots":1,"irons_spellbooks:mana_upgrade_orb":2,"minecraft:diamond_sword":4,"minecraft:wooden_pickaxe":3,"minecraft:stone_brick_stairs":1,"minecraft:iron_axe":1,"minecraft:string":46,"minecraft:dark_oak_trapdoor":2,"minecraft:iron_leggings":2,"minecraft:cyan_carpet":12,"minecraft:spruce_planks":21,"minecraft:beef":2,"minecraft:rose_bush":3,"cataclysm:abyssal_sacrifice":1,"minecraft:light_gray_wool":2,"minecraft:melon_slice":1,"minecraft:sugar_cane":1,"minecraft:phantom_membrane":4,"minecraft:egg":4,"minecraft:stick":22,"minecraft:oak_fence":1,"minecraft:torch":21,"minecraft:acacia_log":3,"minecraft:porkchop":49,"minecraft:carrot":26,"minecraft:goat_horn":1,"irons_spellbooks:mana_ring":1,"minecraft:stone_sword":2,"minecraft:arrow":18,"minecraft:rotten_flesh":23,"cataclysm:athame":1,"minecraft:shears":2,"minecraft:deepslate_bricks":4,"minecraft:hay_block":55,"minecraft:glow_berries":2,"minecraft:mutton":11,"minecraft:cobblestone":2,"minecraft:white_wool":25,"minecraft:netherite_boots":3,"minecraft:leather_chestplate":3,"minecraft:feather":14,"minecraft:cooked_beef":3,"minecraft:salmon":1,"minecraft:tripwire_hook":3,"minecraft:jungle_log":4,"minecraft:leather":31,"minecraft:fern":2,"minecraft:golden_leggings":2,"irons_spellbooks:netherite_spell_book":1,"minecraft:acacia_wood":2,"minecraft:potato":15,"minecraft:oak_log":5,"minecraft:golden_boots":3,"minecraft:yellow_bed":1,"minecraft:gunpowder":5,"minecraft:dirt":32,"irons_spellbooks:hogskin":12,"minecraft:bone":179,"minecraft:acacia_planks":27,"minecraft:stone_bricks":4,"minecraft:bow":1,"minecraft:wheat_seeds":25,"cataclysm:abyssal_egg":2,"minecraft:iron_ingot":1,"minecraft:stone_pickaxe":1,"minecraft:stripped_oak_wood":4,"minecraft:mossy_stone_bricks":2,"minecraft:iron_sword":10,"minecraft:oak_planks":28,"minecraft:book":11,"minecraft:oak_slab":1,"minecraft:black_terracotta":6,"minecraft:stripped_acacia_wood":1,"minecraft:white_bed":2,"minecraft:cyan_bed":3,"minecraft:dark_oak_log":28,"minecraft:spider_eye":7,"minecraft:dark_prismarine":4,"minecraft:jungle_leaves":50,"minecraft:slime_ball":5,"minecraft:lever":1,"minecraft:chainmail_leggings":1,"minecraft:crossbow":4,"minecraft:bone_meal":1,"minecraft:grass":8,"minecraft:bread":2,"minecraft:emerald":2,"minecraft:oak_sapling":2,"minecraft:black_wool":1,"minecraft:stripped_dark_oak_log":1,"minecraft:oak_leaves":64,"minecraft:coal":57,"minecraft:andesite_slab":2,"minecraft:crafting_table":1,"minecraft:anvil":1},"minecraft:dropped":{"minecraft:golden_boots":3,"minecraft:bread":2,"minecraft:acacia_wood":2,"minecraft:oak_slab":1,"minecraft:iron_sword":7,"minecraft:wheat_seeds":14,"minecraft:lapis_lazuli":7,"minecraft:oak_log":1,"minecraft:glass_bottle":1,"minecraft:crafting_table":1,"cataclysm:athame":1,"minecraft:crossbow":2,"minecraft:oak_fence":1,"minecraft:iron_helmet":1,"minecraft:feather":14,"minecraft:cobblestone":2,"minecraft:glow_berries":2,"minecraft:book":10,"minecraft:leather":18,"minecraft:stick":25,"minecraft:emerald":2,"irons_spellbooks:scroll":1,"minecraft:dirt":29,"minecraft:grass":4,"minecraft:dark_oak_trapdoor":2,"minecraft:rose_bush":2,"minecraft:bone_meal":1,"minecraft:phantom_membrane":2,"minecraft:purple_wool":1,"minecraft:chainmail_leggings":1,"minecraft:dark_oak_planks":1,"minecraft:string":8,"minecraft:acacia_planks":5,"minecraft:cyan_carpet":4,"minecraft:bone":90,"minecraft:goat_horn":1,"minecraft:andesite_slab":1,"minecraft:wheat":2,"minecraft:chicken":9,"minecraft:black_terracotta":6,"minecraft:rotten_flesh":21,"minecraft:light_gray_wool":2,"minecraft:oak_planks":14,"minecraft:fern":2,"minecraft:stripped_acacia_wood":1,"minecraft:salmon":1,"minecraft:chainmail_chestplate":1,"minecraft:leather_chestplate":2,"minecraft:potato":1,"minecraft:gunpowder":3,"minecraft:allium":1,"minecraft:spruce_planks":10,"minecraft:jungle_log":2,"minecraft:mossy_stone_bricks":2,"minecraft:chainmail_boots":1,"minecraft:golden_leggings":1,"minecraft:oak_sapling":2,"minecraft:spider_eye":6,"minecraft:stone_bricks":2,"minecraft:slime_ball":4,"minecraft:arrow":9,"minecraft:wooden_pickaxe":4,"minecraft:iron_ingot":3,"minecraft:ghast_tear":1,"minecraft:dark_prismarine":4,"minecraft:black_wool":1},"minecraft:mined":{"minecraft:dark_prismarine":6,"minecraft:spruce_planks":3,"minecraft:white_bed":2,"minecraft:jungle_leaves":58,"minecraft:dark_oak_log":1,"minecraft:nether_bricks":2,"minecraft:acacia_log":3,"minecraft:grass_block":3,"minecraft:jungle_log":2,"minecraft:deepslate_bricks":4,"minecraft:spawner":8,"minecraft:hay_block":56,"minecraft:carrots":10,"minecraft:anvil":1,"minecraft:vine":3,"minecraft:packed_ice":5,"minecraft:stone":2,"minecraft:white_wool":1,"minecraft:cyan_terracotta":3,"minecraft:smooth_sandstone":1,"minecraft:crafting_table":1,"minecraft:torch":5,"minecraft:polished_andesite_stairs":1,"minecraft:andesite_slab":1,"minecraft:tall_grass":1,"minecraft:cyan_bed":3,"minecraft:smooth_sandstone_slab":1,"minecraft:wall_torch":1,"minecraft:purple_wool":1,"minecraft:light_gray_wool":2,"minecraft:stripped_oak_wood":4,"minecraft:yellow_bed":1,"minecraft:grass":30,"minecraft:oak_log":4,"minecraft:dirt":1,"minecraft:acacia_planks":3,"minecraft:stone_bricks":3,"minecraft:stripped_acacia_wood":1,"minecraft:oak_leaves":174,"minecraft:fern":7}},"DataVersion":3120}