{
  "dungeons_arise:wda_root": {
    "criteria": {
      "WDA": "2024-05-28 23:37:42 +0000"
    },
    "done": true
  },
  "undead_unleashed:undead_unleashed": {
    "criteria": {
      "undead_unleashed": "2024-05-28 23:37:41 +0000"
    },
    "done": true
  },
  "parcool:grant_parcool_guide": {
    "criteria": {
      "tick": "2024-05-28 23:37:42 +0000"
    },
    "done": true
  },
  "minecraft:adventure/adventuring_time": {
    "criteria": {
      "minecraft:plains": "2024-05-28 23:44:31 +0000"
    },
    "done": false
  },
  "DataVersion": 3120
}